label_name,bbox_x,bbox_y,bbox_width,bbox_height,image_name,image_width,image_height
Murilo,30,53,188,242,Murilo_O1.png,225,300
Murilo,4,81,167,200,Murilo_O10.png,225,300
Murilo,3,74,170,201,Murilo_O10_A1.png,225,300
Murilo,3,78,167,193,Murilo_O10_A10.png,225,300
Murilo,3,81,167,188,Murilo_O10_A11.png,225,300
Murilo,3,81,166,192,Murilo_O10_A2.png,225,300
Murilo,55,81,167,184,Murilo_O10_A3.png,225,300
Murilo,2,81,169,187,Murilo_O10_A4.png,225,300
Murilo,38,94,187,164,Murilo_O10_A5.png,225,300
Murilo,49,29,173,199,Murilo_O10_A6.png,225,300
Murilo,1,40,180,168,Murilo_O10_A7.png,225,300
Murilo,1,21,121,159,Murilo_O10_A8.png,135,180
Murilo,46,125,169,190,Murilo_O10_A9.png,315,390
Murilo,33,104,174,193,Murilo_O11.png,225,300
Murilo,33,105,167,194,Murilo_O11_A1.png,225,300
Murilo,35,103,171,196,Murilo_O11_A10.png,225,300
Murilo,43,102,107,196,Murilo_O11_A11.png,225,300
Murilo,35,100,121,198,Murilo_O11_A2.png,225,300
Murilo,68,102,99,195,Murilo_O11_A3.png,225,300
Murilo,58,104,94,193,Murilo_O11_A4.png,225,300
Murilo,62,111,162,91,Murilo_O11_A5.png,225,300
Murilo,74,1,90,201,Murilo_O11_A6.png,225,300
Murilo,0,97,158,95,Murilo_O11_A7.png,225,300
Murilo,18,41,88,138,Murilo_O11_A8.png,135,180
Murilo,102,150,94,193,Murilo_O11_A9.png,315,390
Murilo,28,115,91,184,Murilo_O12.png,225,300
Murilo,29,115,92,184,Murilo_O12_A1.png,225,300
Murilo,28,112,93,188,Murilo_O12_A10.png,225,300
Murilo,29,109,91,191,Murilo_O12_A11.png,225,300
Murilo,28,115,90,180,Murilo_O12_A2.png,225,300
Murilo,105,110,89,190,Murilo_O12_A3.png,225,300
Murilo,28,109,93,191,Murilo_O12_A4.png,225,300
Murilo,78,146,147,86,Murilo_O12_A5.png,225,300
Murilo,105,0,92,184,Murilo_O12_A6.png,225,300
Murilo,0,67,146,88,Murilo_O12_A7.png,225,300
Murilo,0,53,72,127,Murilo_O12_A8.png,135,180
Murilo,73,151,88,192,Murilo_O12_A9.png,315,390
Murilo,12,99,140,200,Murilo_O13.png,225,300
Murilo,12,98,139,200,Murilo_O13_A1.png,225,300
Murilo,14,102,135,196,Murilo_O13_A10.png,225,300
Murilo,13,98,138,197,Murilo_O13_A11.png,225,300
Murilo,13,98,139,202,Murilo_O13_A2.png,225,300
Murilo,75,99,137,201,Murilo_O13_A3.png,225,300
Murilo,13,99,138,201,Murilo_O13_A4.png,225,300
Murilo,61,115,163,136,Murilo_O13_A5.png,225,300
Murilo,72,0,138,207,Murilo_O13_A6.png,225,300
Murilo,1,49,162,142,Murilo_O13_A7.png,225,300
Murilo,1,40,101,140,Murilo_O13_A8.png,135,180
Murilo,59,143,136,199,Murilo_O13_A9.png,315,390
Murilo,3,52,131,247,Murilo_O14.png,225,300
Murilo,0,49,131,250,Murilo_O14_A1.png,225,300
Murilo,0,51,133,249,Murilo_O14_A10.png,225,300
Murilo,1,52,134,247,Murilo_O14_A11.png,225,300
Murilo,1,52,133,248,Murilo_O14_A2.png,225,300
Murilo,90,51,135,249,Murilo_O14_A3.png,225,300
Murilo,1,53,133,246,Murilo_O14_A4.png,225,300
Murilo,13,130,211,130,Murilo_O14_A5.png,225,300
Murilo,91,0,133,248,Murilo_O14_A6.png,225,300
Murilo,0,37,210,130,Murilo_O14_A7.png,225,300
Murilo,0,0,87,179,Murilo_O14_A8.png,135,180
Murilo,46,97,133,247,Murilo_O14_A9.png,315,390
Murilo,75,76,81,224,Murilo_O15.png,225,300
Murilo,77,80,79,218,Murilo_O15_A1.png,225,300
Murilo,81,77,70,223,Murilo_O15_A10.png,225,300
Murilo,76,77,76,221,Murilo_O15_A11.png,225,300
Murilo,77,77,77,221,Murilo_O15_A2.png,225,300
Murilo,71,77,81,221,Murilo_O15_A3.png,225,300
Murilo,77,75,77,224,Murilo_O15_A4.png,225,300
Murilo,39,116,185,70,Murilo_O15_A5.png,225,300
Murilo,72,2,59,221,Murilo_O15_A6.png,225,300
Murilo,0,129,186,60,Murilo_O15_A7.png,225,300
Murilo,37,16,65,164,Murilo_O15_A8.png,135,180
Murilo,126,119,73,224,Murilo_O15_A9.png,315,390
Murilo,49,108,80,183,Murilo_O16.png,225,300
Murilo,49,112,90,183,Murilo_O16_A1.png,225,300
Murilo,49,110,79,186,Murilo_O16_A10.png,225,300
Murilo,46,111,82,188,Murilo_O16_A11.png,225,300
Murilo,47,111,81,189,Murilo_O16_A2.png,225,300
Murilo,93,109,89,191,Murilo_O16_A3.png,225,300
Murilo,47,111,84,185,Murilo_O16_A4.png,225,300
Murilo,68,134,157,83,Murilo_O16_A5.png,225,300
Murilo,97,0,81,193,Murilo_O16_A6.png,225,300
Murilo,0,83,152,84,Murilo_O16_A7.png,225,300
Murilo,3,53,80,127,Murilo_O16_A8.png,135,180
Murilo,90,156,83,181,Murilo_O16_A9.png,315,390
Murilo,102,130,92,167,Murilo_O17.png,225,300
Murilo,104,130,89,170,Murilo_O17_A1.png,225,300
Murilo,104,128,88,172,Murilo_O17_A10.png,225,300
Murilo,107,133,86,166,Murilo_O17_A11.png,225,300
Murilo,107,133,85,163,Murilo_O17_A2.png,225,300
Murilo,31,132,88,165,Murilo_O17_A3.png,225,300
Murilo,107,133,86,167,Murilo_O17_A4.png,225,300
Murilo,89,68,136,88,Murilo_O17_A5.png,225,300
Murilo,32,0,85,167,Murilo_O17_A6.png,225,300
Murilo,2,142,127,90,Murilo_O17_A7.png,225,300
Murilo,64,74,71,105,Murilo_O17_A8.png,135,180
Murilo,151,178,86,167,Murilo_O17_A9.png,315,390
Murilo,93,90,116,178,Murilo_O18.png,225,300
Murilo,91,89,118,176,Murilo_O18_A1.png,225,300
Murilo,92,89,117,176,Murilo_O18_A10.png,225,300
Murilo,90,90,120,190,Murilo_O18_A11.png,225,300
Murilo,90,91,120,179,Murilo_O18_A2.png,225,300
Murilo,17,89,117,178,Murilo_O18_A3.png,225,300
Murilo,90,88,119,185,Murilo_O18_A4.png,225,300
Murilo,50,55,175,116,Murilo_O18_A5.png,225,300
Murilo,17,38,116,174,Murilo_O18_A6.png,225,300
Murilo,3,127,171,120,Murilo_O18_A7.png,225,300
Murilo,47,30,88,150,Murilo_O18_A8.png,135,180
Murilo,136,134,118,183,Murilo_O18_A9.png,315,390
Murilo,12,111,121,184,Murilo_O19.png,225,300
Murilo,10,110,124,189,Murilo_O19_A1.png,225,300
Murilo,6,110,129,188,Murilo_O19_A10.png,225,300
Murilo,9,109,125,190,Murilo_O19_A11.png,225,300
Murilo,9,108,124,191,Murilo_O19_A2.png,225,300
Murilo,90,107,130,193,Murilo_O19_A3.png,225,300
Murilo,9,110,125,190,Murilo_O19_A4.png,225,300
Murilo,71,133,154,119,Murilo_O19_A5.png,225,300
Murilo,92,0,125,191,Murilo_O19_A6.png,225,300
Murilo,1,45,152,127,Murilo_O19_A7.png,225,300
Murilo,1,48,86,131,Murilo_O19_A8.png,135,180
Murilo,52,154,127,191,Murilo_O19_A9.png,315,390
Murilo,31,54,184,232,Murilo_O1_A1.png,225,300
Murilo,32,56,186,230,Murilo_O1_A10.png,225,300
Murilo,32,55,185,233,Murilo_O1_A11.png,225,300
Murilo,31,54,186,235,Murilo_O1_A2.png,225,300
Murilo,10,52,185,237,Murilo_O1_A3.png,225,300
Murilo,31,57,186,230,Murilo_O1_A4.png,225,300
Murilo,17,48,206,186,Murilo_O1_A5.png,225,300
Murilo,9,3,181,243,Murilo_O1_A6.png,225,300
Murilo,1,65,206,166,Murilo_O1_A7.png,225,300
Murilo,4,3,130,175,Murilo_O1_A8.png,135,180
Murilo,76,99,187,233,Murilo_O1_A9.png,315,390
Murilo,2,25,222,274,Murilo_O2.png,225,300
Murilo,1,111,176,188,Murilo_O20.png,225,300
Murilo,0,113,179,187,Murilo_O20_A1.png,225,300
Murilo,1,113,177,187,Murilo_O20_A10.png,225,300
Murilo,3,112,172,185,Murilo_O20_A11.png,225,300
Murilo,3,110,149,190,Murilo_O20_A2.png,225,300
Murilo,94,106,111,190,Murilo_O20_A3.png,225,300
Murilo,28,110,101,190,Murilo_O20_A4.png,225,300
Murilo,68,134,156,101,Murilo_O20_A5.png,225,300
Murilo,96,0,101,191,Murilo_O20_A6.png,225,300
Murilo,0,65,152,101,Murilo_O20_A7.png,225,300
Murilo,0,50,83,130,Murilo_O20_A8.png,135,180
Murilo,72,150,102,193,Murilo_O20_A9.png,315,390
Murilo,112,123,93,177,Murilo_O21.png,225,300
Murilo,111,123,93,177,Murilo_O21_A1.png,225,300
Murilo,112,122,92,178,Murilo_O21_A10.png,225,300
Murilo,112,123,92,177,Murilo_O21_A11.png,225,300
Murilo,113,123,94,177,Murilo_O21_A2.png,225,300
Murilo,19,122,94,173,Murilo_O21_A3.png,225,300
Murilo,112,121,93,179,Murilo_O21_A4.png,225,300
Murilo,80,61,145,89,Murilo_O21_A5.png,225,300
Murilo,18,3,95,174,Murilo_O21_A6.png,225,300
Murilo,0,149,140,94,Murilo_O21_A7.png,225,300
Murilo,69,64,66,116,Murilo_O21_A8.png,135,180
Murilo,157,166,93,181,Murilo_O21_A9.png,315,390
Murilo,118,90,91,210,Murilo_O22.png,225,300
Murilo,121,89,87,211,Murilo_O22_A1.png,225,300
Murilo,117,89,91,211,Murilo_O22_A10.png,225,300
Murilo,118,88,90,209,Murilo_O22_A11.png,225,300
Murilo,119,91,92,205,Murilo_O22_A2.png,225,300
Murilo,15,89,91,211,Murilo_O22_A3.png,225,300
Murilo,118,89,91,206,Murilo_O22_A4.png,225,300
Murilo,51,53,174,94,Murilo_O22_A5.png,225,300
Murilo,17,1,88,210,Murilo_O22_A6.png,225,300
Murilo,1,154,172,93,Murilo_O22_A7.png,225,300
Murilo,74,30,61,150,Murilo_O22_A8.png,135,180
Murilo,161,134,94,210,Murilo_O22_A9.png,315,390
Murilo,131,77,81,218,Murilo_O23.png,225,300
Murilo,131,79,77,218,Murilo_O23_A1.png,225,300
Murilo,134,77,78,216,Murilo_O23_A10.png,225,300
Murilo,130,78,82,220,Murilo_O23_A11.png,225,300
Murilo,129,78,82,222,Murilo_O23_A2.png,225,300
Murilo,11,78,84,218,Murilo_O23_A3.png,225,300
Murilo,128,76,82,222,Murilo_O23_A4.png,225,300
Murilo,39,52,183,70,Murilo_O23_A5.png,225,300
Murilo,15,3,78,219,Murilo_O23_A6.png,225,300
Murilo,1,178,182,68,Murilo_O23_A7.png,225,300
Murilo,99,20,36,160,Murilo_O23_A8.png,135,180
Murilo,174,119,81,223,Murilo_O23_A9.png,315,390
Murilo,26,53,116,246,Murilo_O24.png,225,300
Murilo,29,54,112,239,Murilo_O24_A1.png,225,300
Murilo,25,52,118,247,Murilo_O24_A10.png,225,300
Murilo,26,52,117,245,Murilo_O24_A2.png,225,300
Murilo,81,53,116,247,Murilo_O24_A3.png,225,300
Murilo,27,52,118,247,Murilo_O24_A4.png,225,300
Murilo,14,128,211,107,Murilo_O24_A5.png,225,300
Murilo,80,0,118,249,Murilo_O24_A6.png,225,300
Murilo,1,61,207,115,Murilo_O24_A7.png,225,300
Murilo,0,0,77,180,Murilo_O24_A8.png,135,180
Murilo,72,96,117,252,Murilo_O24_A9.png,315,390
Murilo,25,42,116,258,Murilo_O25.png,225,300
Murilo,27,42,114,258,Murilo_O25_A1.png,225,300
Murilo,25,44,107,256,Murilo_O25_A10.png,225,300
Murilo,24,41,118,259,Murilo_O25_A2.png,225,300
Murilo,83,41,116,255,Murilo_O25_A3.png,225,300
Murilo,24,43,115,257,Murilo_O25_A4.png,225,300
Murilo,5,127,220,106,Murilo_O25_A5.png,225,300
Murilo,100,1,97,257,Murilo_O25_A6.png,225,300
Murilo,0,63,219,105,Murilo_O25_A7.png,225,300
Murilo,1,1,84,179,Murilo_O25_A8.png,135,180
Murilo,71,88,106,257,Murilo_O25_A9.png,315,390
Murilo,75,84,91,215,Murilo_O26.png,225,300
Murilo,78,84,88,215,Murilo_O26_A1.png,225,300
Murilo,81,79,85,217,Murilo_O26_A10.png,225,300
Murilo,79,84,86,212,Murilo_O26_A2.png,225,300
Murilo,58,79,90,221,Murilo_O26_A3.png,225,300
Murilo,82,79,85,221,Murilo_O26_A4.png,225,300
Murilo,38,97,187,89,Murilo_O26_A5.png,225,300
Murilo,59,0,85,218,Murilo_O26_A6.png,225,300
Murilo,0,115,180,89,Murilo_O26_A7.png,225,300
Murilo,36,23,83,157,Murilo_O26_A8.png,135,180
Murilo,125,120,86,224,Murilo_O26_A9.png,315,390
Murilo,67,65,93,235,Murilo_O27.png,225,300
Murilo,66,61,94,232,Murilo_O27_A1.png,225,300
Murilo,68,63,92,237,Murilo_O27_A10.png,225,300
Murilo,68,62,93,238,Murilo_O27_A2.png,225,300
Murilo,64,61,93,238,Murilo_O27_A3.png,225,300
Murilo,68,59,91,239,Murilo_O27_A4.png,225,300
Murilo,21,105,204,91,Murilo_O27_A5.png,225,300
Murilo,66,0,91,241,Murilo_O27_A6.png,225,300
Murilo,0,104,197,98,Murilo_O27_A7.png,225,300
Murilo,24,3,89,177,Murilo_O27_A8.png,135,180
Murilo,110,104,98,239,Murilo_O27_A9.png,315,390
Murilo,54,29,79,270,Murilo_O28.png,225,300
Murilo,53,30,81,270,Murilo_O28_A1.png,225,300
Murilo,38,32,97,266,Murilo_O28_A10.png,225,300
Murilo,39,27,93,265,Murilo_O28_A2.png,225,300
Murilo,87,26,91,274,Murilo_O28_A3.png,225,300
Murilo,36,30,98,268,Murilo_O28_A4.png,225,300
Murilo,1,129,224,96,Murilo_O28_A5.png,225,300
Murilo,94,0,95,270,Murilo_O28_A6.png,225,300
Murilo,0,69,223,111,Murilo_O28_A7.png,225,300
Murilo,1,1,88,175,Murilo_O28_A8.png,135,180
Murilo,83,76,96,264,Murilo_O28_A9.png,315,390
Murilo,77,45,62,181,Murilo_O29.png,225,300
Murilo,83,42,56,171,Murilo_O29_A1.png,225,300
Murilo,84,43,56,180,Murilo_O29_A10.png,225,300
Murilo,84,47,56,173,Murilo_O29_A2.png,225,300
Murilo,80,45,57,180,Murilo_O29_A3.png,225,300
Murilo,84,44,59,175,Murilo_O29_A4.png,225,300
Murilo,7,116,180,62,Murilo_O29_A5.png,225,300
Murilo,82,103,60,154,Murilo_O29_A6.png,225,300
Murilo,69,117,147,59,Murilo_O29_A7.png,225,300
Murilo,38,0,57,134,Murilo_O29_A8.png,135,180
Murilo,122,87,69,179,Murilo_O29_A9.png,315,390
Murilo,25,25,150,272,Murilo_O2_A1.png,225,300
Murilo,24,25,151,269,Murilo_O2_A10.png,225,300
Murilo,24,22,149,278,Murilo_O2_A11.png,225,300
Murilo,25,23,147,272,Murilo_O2_A2.png,225,300
Murilo,50,26,151,274,Murilo_O2_A3.png,225,300
Murilo,24,24,152,275,Murilo_O2_A4.png,225,300
Murilo,0,88,223,150,Murilo_O2_A5.png,225,300
Murilo,51,5,149,272,Murilo_O2_A6.png,225,300
Murilo,0,63,224,146,Murilo_O2_A7.png,225,300
Murilo,0,0,127,180,Murilo_O2_A8.png,135,180
Murilo,70,66,147,277,Murilo_O2_A9.png,315,390
Murilo,124,62,92,233,Murilo_O3.png,225,300
Murilo,78,59,102,241,Murilo_O30.png,225,300
Murilo,78,58,102,241,Murilo_O30_A1.png,225,300
Murilo,79,52,101,248,Murilo_O30_A10.png,225,300
Murilo,80,60,100,240,Murilo_O30_A2.png,225,300
Murilo,43,53,101,247,Murilo_O30_A3.png,225,300
Murilo,80,54,100,246,Murilo_O30_A4.png,225,300
Murilo,13,85,208,99,Murilo_O30_A5.png,225,300
Murilo,46,0,103,250,Murilo_O30_A6.png,225,300
Murilo,1,101,207,119,Murilo_O30_A7.png,225,300
Murilo,36,2,97,176,Murilo_O30_A8.png,135,180
Murilo,124,102,104,248,Murilo_O30_A9.png,315,390
Murilo,60,89,88,203,Murilo_O31.png,225,300
Murilo,60,87,90,202,Murilo_O31_A1.png,225,300
Murilo,59,86,85,212,Murilo_O31_A10.png,225,300
Murilo,62,86,85,213,Murilo_O31_A2.png,225,300
Murilo,78,85,83,215,Murilo_O31_A3.png,225,300
Murilo,63,86,83,212,Murilo_O31_A4.png,225,300
Murilo,49,116,176,86,Murilo_O31_A5.png,225,300
Murilo,81,0,81,214,Murilo_O31_A6.png,225,300
Murilo,0,98,175,85,Murilo_O31_A7.png,225,300
Murilo,20,28,82,152,Murilo_O31_A8.png,135,180
Murilo,107,133,84,202,Murilo_O31_A9.png,315,390
Murilo,72,56,72,165,Murilo_O32.png,225,300
Murilo,76,53,65,169,Murilo_O32_A1.png,225,300
Murilo,76,55,64,167,Murilo_O32_A10.png,225,300
Murilo,76,60,62,160,Murilo_O32_A2.png,225,300
Murilo,83,58,67,157,Murilo_O32_A3.png,225,300
Murilo,76,56,63,164,Murilo_O32_A4.png,225,300
Murilo,17,117,161,69,Murilo_O32_A5.png,225,300
Murilo,87,68,58,180,Murilo_O32_A6.png,225,300
Murilo,40,108,164,71,Murilo_O32_A7.png,225,300
Murilo,40,20,51,141,Murilo_O32_A8.png,135,180
Murilo,126,127,57,139,Murilo_O32_A9.png,315,390
Murilo,72,57,82,239,Murilo_O33.png,225,300
Murilo,69,62,90,236,Murilo_O33_A1.png,225,300
Murilo,71,62,80,232,Murilo_O33_A10.png,225,300
Murilo,69,59,88,239,Murilo_O33_A2.png,225,300
Murilo,69,63,83,237,Murilo_O33_A3.png,225,300
Murilo,72,59,81,231,Murilo_O33_A4.png,225,300
Murilo,30,107,195,86,Murilo_O33_A5.png,225,300
Murilo,72,0,81,231,Murilo_O33_A6.png,225,300
Murilo,0,106,189,86,Murilo_O33_A7.png,225,300
Murilo,27,2,78,96,Murilo_O33_A8.png,135,180
Murilo,117,106,80,98,Murilo_O33_A9.png,315,390
Murilo,76,114,89,184,Murilo_O34.png,225,300
Murilo,75,113,92,187,Murilo_O34_A1.png,225,300
Murilo,73,115,94,185,Murilo_O34_A10.png,225,300
Murilo,73,117,93,183,Murilo_O34_A2.png,225,300
Murilo,58,113,91,181,Murilo_O34_A3.png,225,300
Murilo,75,113,91,139,Murilo_O34_A4.png,225,300
Murilo,71,97,142,90,Murilo_O34_A5.png,225,300
Murilo,57,48,87,142,Murilo_O34_A6.png,225,300
Murilo,8,110,141,94,Murilo_O34_A7.png,225,300
Murilo,31,55,89,124,Murilo_O34_A8.png,135,180
Murilo,118,160,96,139,Murilo_O34_A9.png,315,390
Murilo,74,49,91,247,Murilo_O35.png,224,300
Murilo,72,45,96,254,Murilo_O35_A1.png,224,300
Murilo,71,47,94,253,Murilo_O35_A10.png,224,300
Murilo,74,49,92,250,Murilo_O35_A2.png,224,300
Murilo,56,46,95,252,Murilo_O35_A3.png,224,300
Murilo,74,44,91,254,Murilo_O35_A4.png,224,300
Murilo,10,97,214,92,Murilo_O35_A5.png,224,300
Murilo,59,0,90,252,Murilo_O35_A6.png,224,300
Murilo,0,112,213,91,Murilo_O35_A7.png,224,300
Murilo,31,1,89,177,Murilo_O35_A8.png,134,180
Murilo,117,92,93,248,Murilo_O35_A9.png,312,388
Murilo,69,27,87,267,Murilo_O36.png,225,300
Murilo,70,22,82,276,Murilo_O36_A1.png,225,300
Murilo,70,25,82,272,Murilo_O36_A10.png,225,300
Murilo,71,26,80,271,Murilo_O36_A2.png,225,300
Murilo,78,25,75,275,Murilo_O36_A3.png,225,300
Murilo,62,25,98,274,Murilo_O36_A4.png,225,300
Murilo,0,104,225,93,Murilo_O36_A5.png,225,300
Murilo,68,1,84,273,Murilo_O36_A6.png,225,300
Murilo,1,94,224,97,Murilo_O36_A7.png,225,300
Murilo,31,1,71,177,Murilo_O36_A8.png,135,180
Murilo,117,71,72,271,Murilo_O36_A9.png,315,390
Murilo,63,36,83,259,Murilo_O37.png,225,300
Murilo,63,32,84,259,Murilo_O37_A1.png,225,300
Murilo,61,34,82,266,Murilo_O37_A10.png,225,300
Murilo,62,37,82,258,Murilo_O37_A2.png,225,300
Murilo,78,36,79,264,Murilo_O37_A3.png,225,300
Murilo,60,37,87,262,Murilo_O37_A4.png,225,300
Murilo,1,116,224,95,Murilo_O37_A5.png,225,300
Murilo,80,2,60,259,Murilo_O37_A6.png,225,300
Murilo,1,93,224,98,Murilo_O37_A7.png,225,300
Murilo,29,0,72,180,Murilo_O37_A8.png,135,180
Murilo,103,80,90,261,Murilo_O37_A9.png,315,390
Murilo,1,49,165,248,Murilo_O38.png,169,300
Murilo,5,49,164,250,Murilo_O38_A1.png,169,300
Murilo,2,50,166,249,Murilo_O38_A10.png,169,300
Murilo,2,48,167,249,Murilo_O38_A2.png,169,300
Murilo,2,49,166,251,Murilo_O38_A3.png,169,300
Murilo,2,51,167,249,Murilo_O38_A4.png,169,300
Murilo,1,120,168,92,Murilo_O38_A5.png,169,300
Murilo,7,0,156,249,Murilo_O38_A6.png,169,300
Murilo,1,69,168,125,Murilo_O38_A7.png,169,300
Murilo,0,0,101,180,Murilo_O38_A8.png,101,180
Murilo,36,81,158,258,Murilo_O38_A9.png,235,366
Murilo,1,22,168,274,Murilo_O39.png,169,300
Murilo,2,22,167,278,Murilo_O39_A1.png,169,300
Murilo,1,22,168,278,Murilo_O39_A10.png,169,300
Murilo,0,19,169,280,Murilo_O39_A2.png,169,300
Murilo,1,24,167,275,Murilo_O39_A3.png,169,300
Murilo,2,20,167,277,Murilo_O39_A4.png,169,300
Murilo,0,100,166,112,Murilo_O39_A5.png,169,300
Murilo,0,0,164,279,Murilo_O39_A6.png,169,300
Murilo,2,65,167,145,Murilo_O39_A7.png,169,300
Murilo,0,1,98,177,Murilo_O39_A8.png,101,180
Murilo,36,52,166,283,Murilo_O39_A9.png,235,366
Murilo,120,53,96,247,Murilo_O3_A1.png,225,300
Murilo,126,59,88,237,Murilo_O3_A10.png,225,300
Murilo,129,59,82,241,Murilo_O3_A2.png,225,300
Murilo,16,61,78,232,Murilo_O3_A3.png,225,300
Murilo,129,60,83,239,Murilo_O3_A4.png,225,300
Murilo,23,50,202,82,Murilo_O3_A5.png,225,300
Murilo,15,0,71,240,Murilo_O3_A6.png,225,300
Murilo,0,172,202,81,Murilo_O3_A7.png,225,300
Murilo,86,3,50,177,Murilo_O3_A8.png,135,180
Murilo,170,102,85,247,Murilo_O3_A9.png,315,390
Murilo,47,77,109,138,Murilo_O4.png,225,300
Murilo,46,57,130,243,Murilo_O40.png,225,300
Murilo,46,56,138,244,Murilo_O40_A1.png,225,300
Murilo,45,58,128,239,Murilo_O40_A10.png,225,300
Murilo,44,53,130,245,Murilo_O40_A2.png,225,300
Murilo,51,55,129,240,Murilo_O40_A3.png,225,300
Murilo,47,52,133,248,Murilo_O40_A4.png,225,300
Murilo,17,87,209,129,Murilo_O40_A5.png,225,300
Murilo,52,0,127,250,Murilo_O40_A6.png,225,300
Murilo,2,81,202,127,Murilo_O40_A7.png,225,300
Murilo,5,2,121,176,Murilo_O40_A8.png,135,180
Murilo,90,99,130,246,Murilo_O40_A9.png,315,390
Murilo,75,125,93,142,Murilo_O41.png,225,300
Murilo,75,123,94,141,Murilo_O41_A1.png,225,300
Murilo,72,125,100,138,Murilo_O41_A10.png,225,300
Murilo,74,126,94,140,Murilo_O41_A2.png,225,300
Murilo,55,125,95,138,Murilo_O41_A3.png,225,300
Murilo,74,122,93,142,Murilo_O41_A4.png,225,300
Murilo,78,94,145,94,Murilo_O41_A5.png,225,300
Murilo,55,32,95,145,Murilo_O41_A6.png,225,300
Murilo,0,106,142,105,Murilo_O41_A7.png,225,300
Murilo,31,62,92,118,Murilo_O41_A8.png,135,180
Murilo,120,168,93,143,Murilo_O41_A9.png,315,390
Murilo,43,28,131,221,Murilo_O42.png,225,300
Murilo,42,27,132,221,Murilo_O42_A1.png,225,300
Murilo,40,29,134,219,Murilo_O42_A10.png,225,300
Murilo,42,30,130,218,Murilo_O42_A2.png,225,300
Murilo,51,28,134,221,Murilo_O42_A3.png,225,300
Murilo,41,29,134,226,Murilo_O42_A4.png,225,300
Murilo,2,91,207,131,Murilo_O42_A5.png,225,300
Murilo,49,50,135,223,Murilo_O42_A6.png,225,300
Murilo,13,75,210,137,Murilo_O42_A7.png,225,300
Murilo,0,1,128,176,Murilo_O42_A8.png,135,180
Murilo,86,73,133,225,Murilo_O42_A9.png,315,390
Murilo,39,75,83,223,Murilo_O43.png,225,300
Murilo,36,71,86,229,Murilo_O43_A1.png,225,300
Murilo,35,72,86,228,Murilo_O43_A10.png,225,300
Murilo,29,75,93,220,Murilo_O43_A2.png,225,300
Murilo,103,71,90,228,Murilo_O43_A3.png,225,300
Murilo,31,74,90,224,Murilo_O43_A4.png,225,300
Murilo,29,139,195,92,Murilo_O43_A5.png,225,300
Murilo,102,0,93,227,Murilo_O43_A6.png,225,300
Murilo,0,68,188,93,Murilo_O43_A7.png,225,300
Murilo,1,13,73,167,Murilo_O43_A8.png,135,180
Murilo,75,120,93,223,Murilo_O43_A9.png,315,390
Murilo,95,64,115,170,Murilo_O44.png,225,300
Murilo,95,59,117,174,Murilo_O44_A1.png,225,300
Murilo,93,60,116,174,Murilo_O44_A10.png,225,300
Murilo,95,63,113,172,Murilo_O44_A2.png,225,300
Murilo,14,61,111,172,Murilo_O44_A3.png,225,300
Murilo,92,58,118,176,Murilo_O44_A4.png,225,300
Murilo,18,51,180,114,Murilo_O44_A5.png,225,300
Murilo,15,65,111,181,Murilo_O44_A6.png,225,300
Murilo,27,131,175,117,Murilo_O44_A7.png,225,300
Murilo,51,4,84,171,Murilo_O44_A8.png,135,180
Murilo,139,104,115,176,Murilo_O44_A9.png,315,390
Murilo,51,70,106,136,Murilo_O4_A1.png,225,300
Murilo,49,70,109,136,Murilo_O4_A10.png,225,300
Murilo,49,69,108,137,Murilo_O4_A2.png,225,300
Murilo,69,70,103,135,Murilo_O4_A3.png,225,300
Murilo,50,73,106,130,Murilo_O4_A4.png,225,300
Murilo,29,107,138,104,Murilo_O4_A5.png,225,300
Murilo,66,104,106,129,Murilo_O4_A6.png,225,300
Murilo,55,88,139,106,Murilo_O4_A7.png,225,300
Murilo,7,10,104,132,Murilo_O4_A8.png,135,180
Murilo,95,112,108,136,Murilo_O4_A9.png,315,390
Murilo,36,91,88,134,Murilo_O5.png,225,300
Murilo,35,89,90,131,Murilo_O5_A1.png,225,300
Murilo,34,92,87,132,Murilo_O5_A10.png,225,300
Murilo,36,93,88,129,Murilo_O5_A2.png,225,300
Murilo,99,88,88,135,Murilo_O5_A3.png,225,300
Murilo,36,91,89,130,Murilo_O5_A4.png,225,300
Murilo,51,136,134,92,Murilo_O5_A5.png,225,300
Murilo,102,79,87,131,Murilo_O5_A6.png,225,300
Murilo,42,73,128,91,Murilo_O5_A7.png,225,300
Murilo,1,32,78,129,Murilo_O5_A8.png,135,180
Murilo,80,133,90,131,Murilo_O5_A9.png,315,390
Murilo,36,64,79,217,Murilo_O6.png,225,300
Murilo,36,57,77,215,Murilo_O6_A1.png,225,300
Murilo,35,62,79,220,Murilo_O6_A10.png,225,300
Murilo,37,64,76,219,Murilo_O6_A2.png,225,300
Murilo,112,63,76,222,Murilo_O6_A3.png,225,300
Murilo,34,63,81,217,Murilo_O6_A4.png,225,300
Murilo,25,153,199,69,Murilo_O6_A5.png,225,300
Murilo,112,16,76,222,Murilo_O6_A6.png,225,300
Murilo,2,75,196,70,Murilo_O6_A7.png,225,300
Murilo,0,4,61,174,Murilo_O6_A8.png,135,180
Murilo,81,108,77,216,Murilo_O6_A9.png,315,390
Murilo,37,94,132,160,Murilo_O7.png,169,300
Murilo,33,96,131,157,Murilo_O7_A1.png,169,300
Murilo,38,95,124,158,Murilo_O7_A10.png,169,300
Murilo,37,97,127,158,Murilo_O7_A2.png,169,300
Murilo,8,94,125,169,Murilo_O7_A3.png,169,300
Murilo,38,96,127,157,Murilo_O7_A4.png,169,300
Murilo,29,81,139,115,Murilo_O7_A5.png,169,300
Murilo,5,58,123,147,Murilo_O7_A6.png,169,300
Murilo,1,98,138,127,Murilo_O7_A7.png,169,300
Murilo,7,38,94,142,Murilo_O7_A8.png,101,180
Murilo,71,126,126,161,Murilo_O7_A9.png,235,366
Murilo,78,121,93,137,Murilo_O8.png,225,300
Murilo,79,118,91,138,Murilo_O8_A1.png,225,300
Murilo,78,122,91,133,Murilo_O8_A10.png,225,300
Murilo,79,119,92,136,Murilo_O8_A2.png,225,300
Murilo,53,120,93,137,Murilo_O8_A3.png,225,300
Murilo,80,118,92,137,Murilo_O8_A4.png,225,300
Murilo,80,89,138,93,Murilo_O8_A5.png,225,300
Murilo,52,45,92,135,Murilo_O8_A6.png,225,300
Murilo,6,117,135,91,Murilo_O8_A7.png,225,300
Murilo,35,62,90,118,Murilo_O8_A8.png,135,180
Murilo,124,165,91,137,Murilo_O8_A9.png,315,390
Murilo,26,95,94,130,Murilo_O9.png,225,300
Murilo,28,94,89,134,Murilo_O9_A1.png,225,300
Murilo,25,92,93,131,Murilo_O9_A10.png,225,300
Murilo,26,94,95,128,Murilo_O9_A2.png,225,300
Murilo,107,94,92,129,Murilo_O9_A3.png,225,300
Murilo,25,93,93,131,Murilo_O9_A4.png,225,300
Murilo,55,146,132,92,Murilo_O9_A5.png,225,300
Murilo,107,75,92,130,Murilo_O9_A6.png,225,300
Murilo,38,63,126,92,Murilo_O9_A7.png,225,300
Murilo,0,35,73,129,Murilo_O9_A8.png,135,180
Murilo,71,136,93,134,Murilo_O9_A9.png,315,390
Outros,30,26,129,240,Outros_S1.png,190,266
Outros,13,1,274,296,Outros_S10.png,300,300
Outros,11,30,173,269,Outros_S100.png,184,300
Outros,0,1,163,183,Outros_S101.png,273,184
Outros,3,14,181,286,Outros_S102.png,184,300
Outros,152,60,140,240,Outros_S103.png,300,300
Outros,16,29,238,271,Outros_S104.png,300,300
Outros,79,73,146,227,Outros_S105.png,300,300
Outros,107,1,73,86,Outros_S106.png,300,300
Outros,30,0,143,211,Outros_S107.png,184,300
Outros,1,4,183,296,Outros_S108.png,184,300
Outros,12,4,168,296,Outros_S109.png,184,300
Outros,2,19,182,281,Outros_S11.png,184,300
Outros,107,34,78,116,Outros_S110.png,300,300
Outros,1,2,183,298,Outros_S111.png,184,300
Outros,13,1,187,224,Outros_S112.png,225,225
Outros,100,0,105,125,Outros_S113.png,275,183
Outros,20,16,164,284,Outros_S114.png,184,300
Outros,116,7,184,193,Outros_S115.png,300,200
Outros,157,2,71,93,Outros_S116.png,300,200
Outros,54,13,105,187,Outros_S117.png,300,200
Outros,32,2,194,298,Outros_S118.png,260,300
Outros,40,18,238,177,Outros_S119.png,300,200
Outros,1,2,183,297,Outros_S12.png,184,300
Outros,138,1,70,82,Outros_S120.png,300,169
Outros,129,1,129,170,Outros_S121.png,300,171
Outros,46,8,218,192,Outros_S122.png,300,200
Outros,128,3,123,196,Outros_S123.png,300,200
Outros,45,9,177,179,Outros_S124.png,268,188
Outros,70,1,110,294,Outros_S125.png,247,300
Outros,15,34,176,254,Outros_S126.png,200,300
Outros,39,26,90,268,Outros_S127.png,169,300
Outros,104,3,97,293,Outros_S128.png,300,300
Outros,81,4,84,285,Outros_S129.png,276,300
Outros,60,0,153,184,Outros_S13.png,268,188
Outros,59,17,121,273,Outros_S130.png,222,300
Outros,48,3,141,168,Outros_S131.png,300,171
Outros,68,15,74,272,Outros_S132.png,200,300
Outros,51,1,200,199,Outros_S133.png,300,200
Outros,4,9,210,291,Outros_S134.png,214,300
Outros,4,9,207,230,Outros_S135.png,211,239
Outros,144,16,96,209,Outros_S136.png,300,225
Outros,85,4,126,136,Outros_S137.png,300,200
Outros,133,16,65,77,Outros_S138.png,300,200
Outros,136,23,59,73,Outros_S139.png,300,200
Outros,22,36,162,264,Outros_S14.png,184,300
Outros,45,8,225,286,Outros_S140.png,300,300
Outros,44,26,102,174,Outros_S141.png,300,200
Outros,63,26,179,174,Outros_S142.png,300,200
Outros,163,19,61,82,Outros_S143.png,300,200
Outros,115,2,178,207,Outros_S144.png,300,209
Outros,151,6,68,86,Outros_S145.png,300,200
Outros,35,3,160,220,Outros_S146.png,226,223
Outros,117,54,54,61,Outros_S147.png,300,200
Outros,76,8,74,87,Outros_S148.png,300,200
Outros,113,37,72,163,Outros_S149.png,300,200
Outros,11,7,173,293,Outros_S15.png,184,300
Outros,76,5,83,87,Outros_S150.png,300,169
Outros,109,17,191,183,Outros_S151.png,300,200
Outros,98,18,56,72,Outros_S152.png,300,188
Outros,177,18,69,73,Outros_S153.png,300,200
Outros,111,0,189,155,Outros_S154.png,300,155
Outros,39,2,227,197,Outros_S155.png,300,199
Outros,143,53,72,72,Outros_S156.png,300,200
Outros,79,6,111,122,Outros_S157.png,268,188
Outros,57,0,243,191,Outros_S158.png,300,191
Outros,32,3,229,297,Outros_S159.png,300,300
Outros,116,25,67,98,Outros_S16.png,300,300
Outros,88,21,122,179,Outros_S160.png,300,200
Outros,112,26,61,85,Outros_S161.png,300,200
Outros,57,12,183,203,Outros_S162.png,300,215
Outros,86,14,165,186,Outros_S163.png,300,200
Outros,11,8,169,192,Outros_S164.png,300,200
Outros,158,10,114,159,Outros_S165.png,300,169
Outros,61,11,69,86,Outros_S166.png,300,188
Outros,29,15,223,185,Outros_S167.png,300,200
Outros,66,3,133,181,Outros_S168.png,248,203
Outros,104,2,171,203,Outros_S169.png,300,205
Outros,109,100,51,74,Outros_S17.png,300,300
Outros,4,0,256,300,Outros_S170.png,260,300
Outros,122,10,71,77,Outros_S171.png,300,200
Outros,125,7,50,132,Outros_S172.png,300,187
Outros,124,46,50,73,Outros_S173.png,300,200
Outros,176,15,48,61,Outros_S174.png,300,189
Outros,86,9,70,94,Outros_S175.png,300,200
Outros,125,46,109,137,Outros_S176.png,300,200
Outros,16,12,155,288,Outros_S177.png,200,300
Outros,174,4,67,61,Outros_S178.png,300,167
Outros,35,1,230,268,Outros_S179.png,300,300
Outros,71,5,164,211,Outros_S18.png,300,300
Outros,200,9,50,70,Outros_S180.png,300,200
Outros,159,15,118,185,Outros_S181.png,300,200
Outros,22,14,212,182,Outros_S182.png,300,200
Outros,124,1,104,120,Outros_S183.png,300,150
Outros,42,12,248,173,Outros_S184.png,300,185
Outros,76,2,157,200,Outros_S185.png,300,224
Outros,28,11,160,282,Outros_S186.png,200,300
Outros,19,4,262,196,Outros_S187.png,300,200
Outros,0,0,200,200,Outros_S188.png,300,200
Outros,21,7,225,293,Outros_S189.png,249,300
Outros,52,3,248,294,Outros_S19.png,300,300
Outros,48,19,218,273,Outros_S190.png,300,300
Outros,1,1,193,198,Outros_S191.png,300,200
Outros,76,2,156,161,Outros_S192.png,300,163
Outros,147,9,77,101,Outros_S193.png,300,200
Outros,10,1,252,199,Outros_S194.png,300,200
Outros,35,30,127,162,Outros_S195.png,300,194
Outros,57,2,190,181,Outros_S196.png,300,188
Outros,41,14,149,185,Outros_S197.png,300,200
Outros,87,7,160,192,Outros_S198.png,300,200
Outros,15,53,143,159,Outros_S199.png,200,300
Outros,64,1,173,164,Outros_S2.png,300,166
Outros,4,4,293,296,Outros_S20.png,300,300
Outros,27,1,256,223,Outros_S200.png,300,225
Outros,27,14,147,179,Outros_S201.png,236,214
Outros,23,27,162,198,Outros_S202.png,198,300
Outros,112,1,174,152,Outros_S203.png,300,157
Outros,112,1,164,170,Outros_S204.png,300,175
Outros,33,3,121,138,Outros_S205.png,300,183
Outros,36,23,252,262,Outros_S206.png,300,289
Outros,116,29,100,171,Outros_S207.png,300,200
Outros,2,2,191,225,Outros_S208.png,300,227
Outros,3,5,139,194,Outros_S209.png,300,200
Outros,1,12,183,288,Outros_S21.png,184,300
Outros,45,1,95,126,Outros_S210.png,300,169
Outros,152,13,53,62,Outros_S211.png,300,200
Outros,43,9,140,191,Outros_S212.png,225,225
Outros,83,23,134,192,Outros_S213.png,218,300
Outros,173,4,46,65,Outros_S214.png,300,200
Outros,118,18,101,134,Outros_S215.png,300,218
Outros,210,32,44,52,Outros_S216.png,300,225
Outros,129,19,44,43,Outros_S217.png,300,200
Outros,143,21,59,57,Outros_S218.png,300,200
Outros,83,8,128,192,Outros_S219.png,300,200
Outros,2,23,182,275,Outros_S22.png,184,300
Outros,25,6,169,192,Outros_S220.png,300,199
Outros,59,18,213,179,Outros_S221.png,300,200
Outros,51,38,146,166,Outros_S222.png,300,204
Outros,91,15,93,168,Outros_S223.png,275,183
Outros,69,2,99,126,Outros_S224.png,243,207
Outros,136,5,65,68,Outros_S225.png,300,169
Outros,55,19,179,269,Outros_S226.png,300,300
Outros,44,4,215,271,Outros_S227.png,300,300
Outros,15,18,225,274,Outros_S228.png,300,300
Outros,13,7,212,273,Outros_S229.png,300,300
Outros,9,17,163,228,Outros_S23.png,184,300
Outros,63,2,233,277,Outros_S230.png,300,300
Outros,34,19,229,272,Outros_S231.png,300,300
Outros,42,2,221,273,Outros_S232.png,300,300
Outros,24,2,225,273,Outros_S233.png,300,300
Outros,62,5,218,276,Outros_S234.png,300,300
Outros,9,18,193,226,Outros_S235.png,204,247
Outros,17,2,243,277,Outros_S236.png,300,300
Outros,50,25,202,261,Outros_S237.png,300,300
Outros,37,17,221,272,Outros_S238.png,300,300
Outros,46,19,195,258,Outros_S239.png,300,300
Outros,66,10,123,170,Outros_S24.png,275,183
Outros,52,91,212,185,Outros_S240.png,300,300
Outros,4,17,238,261,Outros_S241.png,300,300
Outros,9,4,221,273,Outros_S242.png,300,300
Outros,27,3,216,274,Outros_S243.png,300,300
Outros,49,1,205,273,Outros_S244.png,300,300
Outros,67,21,198,262,Outros_S245.png,300,300
Outros,83,2,105,150,Outros_S246.png,299,168
Outros,26,18,218,263,Outros_S247.png,300,300
Outros,58,17,208,274,Outros_S248.png,300,300
Outros,50,2,214,278,Outros_S249.png,300,300
Outros,1,3,183,294,Outros_S25.png,184,300
Outros,38,19,204,260,Outros_S250.png,300,300
Outros,47,7,213,269,Outros_S251.png,300,300
Outros,44,21,214,258,Outros_S252.png,300,300
Outros,36,20,207,262,Outros_S253.png,300,300
Outros,35,19,199,268,Outros_S254.png,300,300
Outros,37,1,230,279,Outros_S255.png,300,300
Outros,30,4,220,263,Outros_S256.png,300,300
Outros,56,17,220,250,Outros_S257.png,300,300
Outros,12,19,246,280,Outros_S258.png,300,300
Outros,54,22,212,269,Outros_S259.png,300,300
Outros,36,2,210,268,Outros_S26.png,270,270
Outros,11,21,230,269,Outros_S260.png,300,300
Outros,42,3,213,277,Outros_S261.png,300,300
Outros,39,2,221,279,Outros_S262.png,300,300
Outros,24,19,236,274,Outros_S263.png,300,300
Outros,63,20,230,260,Outros_S264.png,300,300
Outros,46,17,210,274,Outros_S265.png,300,300
Outros,8,4,236,276,Outros_S266.png,300,300
Outros,67,12,233,267,Outros_S267.png,300,300
Outros,24,18,227,263,Outros_S268.png,300,300
Outros,41,2,221,277,Outros_S269.png,300,300
Outros,27,1,212,249,Outros_S27.png,270,270
Outros,21,3,206,275,Outros_S270.png,300,300
Outros,72,3,227,279,Outros_S271.png,300,300
Outros,37,18,233,276,Outros_S272.png,300,300
Outros,40,2,238,277,Outros_S273.png,300,300
Outros,33,3,213,276,Outros_S274.png,300,300
Outros,49,14,225,264,Outros_S275.png,300,300
Outros,23,16,196,262,Outros_S276.png,300,300
Outros,71,3,229,274,Outros_S277.png,300,300
Outros,28,23,215,268,Outros_S278.png,300,300
Outros,34,17,196,267,Outros_S279.png,300,300
Outros,43,1,186,262,Outros_S28.png,270,270
Outros,15,19,220,265,Outros_S280.png,300,300
Outros,56,17,203,268,Outros_S281.png,300,300
Outros,63,6,203,274,Outros_S282.png,300,300
Outros,40,17,215,265,Outros_S283.png,300,300
Outros,1,1,226,276,Outros_S284.png,300,300
Outros,43,15,228,276,Outros_S285.png,300,300
Outros,2,15,218,281,Outros_S286.png,300,300
Outros,48,19,236,274,Outros_S287.png,300,300
Outros,30,3,219,277,Outros_S288.png,300,300
Outros,49,27,202,251,Outros_S289.png,300,300
Outros,1,2,183,292,Outros_S29.png,184,300
Outros,46,1,229,279,Outros_S290.png,300,300
Outros,18,18,210,268,Outros_S291.png,300,300
Outros,36,2,206,277,Outros_S292.png,300,300
Outros,51,20,203,264,Outros_S293.png,300,300
Outros,79,19,221,273,Outros_S294.png,300,300
Outros,56,14,212,273,Outros_S295.png,300,300
Outros,45,4,230,272,Outros_S296.png,300,300
Outros,64,15,204,264,Outros_S297.png,300,300
Outros,29,2,210,272,Outros_S298.png,300,300
Outros,54,3,225,274,Outros_S299.png,300,300
Outros,63,19,209,273,Outros_S3.png,300,300
Outros,101,78,67,100,Outros_S30.png,300,300
Outros,46,16,200,265,Outros_S300.png,300,300
Outros,58,2,209,274,Outros_S301.png,300,300
Outros,26,19,216,269,Outros_S302.png,300,300
Outros,51,4,174,277,Outros_S303.png,300,300
Outros,3,17,241,270,Outros_S304.png,300,300
Outros,58,16,223,262,Outros_S305.png,300,300
Outros,94,3,200,274,Outros_S306.png,300,300
Outros,54,18,239,275,Outros_S307.png,300,300
Outros,42,19,207,281,Outros_S308.png,300,300
Outros,28,20,219,258,Outros_S309.png,300,300
Outros,94,3,72,83,Outros_S31.png,300,300
Outros,60,2,204,279,Outros_S310.png,300,300
Outros,37,9,199,271,Outros_S311.png,300,300
Outros,62,19,183,259,Outros_S312.png,300,300
Outros,48,2,211,276,Outros_S313.png,300,300
Outros,47,3,212,266,Outros_S314.png,300,300
Outros,52,17,213,258,Outros_S315.png,300,300
Outros,32,15,223,259,Outros_S316.png,300,300
Outros,19,3,229,271,Outros_S317.png,300,300
Outros,19,1,216,275,Outros_S318.png,300,300
Outros,29,1,213,274,Outros_S319.png,300,300
Outros,99,6,131,206,Outros_S32.png,300,300
Outros,32,19,217,221,Outros_S320.png,300,300
Outros,13,3,213,273,Outros_S321.png,300,300
Outros,2,16,239,283,Outros_S322.png,300,300
Outros,51,17,198,265,Outros_S323.png,300,300
Outros,52,12,203,262,Outros_S324.png,300,300
Outros,62,15,201,258,Outros_S325.png,300,300
Outros,11,21,214,275,Outros_S326.png,300,300
Outros,11,17,215,264,Outros_S327.png,300,300
Outros,57,17,212,265,Outros_S328.png,300,300
Outros,2,27,214,254,Outros_S329.png,300,300
Outros,86,4,76,75,Outros_S33.png,300,300
Outros,63,3,232,274,Outros_S330.png,300,300
Outros,54,4,199,277,Outros_S331.png,300,300
Outros,39,8,205,269,Outros_S332.png,300,300
Outros,39,3,212,274,Outros_S333.png,300,300
Outros,137,1,138,182,Outros_S334.png,275,183
Outros,2,17,236,278,Outros_S335.png,300,300
Outros,19,25,213,275,Outros_S336.png,300,300
Outros,16,3,273,278,Outros_S337.png,300,300
Outros,43,17,209,268,Outros_S338.png,300,300
Outros,31,6,211,274,Outros_S339.png,300,300
Outros,21,11,144,210,Outros_S34.png,184,300
Outros,32,5,211,275,Outros_S340.png,300,300
Outros,62,20,176,263,Outros_S341.png,300,300
Outros,79,19,213,270,Outros_S342.png,300,300
Outros,56,19,198,264,Outros_S343.png,300,300
Outros,31,19,203,265,Outros_S344.png,300,300
Outros,42,10,226,266,Outros_S345.png,300,300
Outros,65,24,204,255,Outros_S346.png,300,300
Outros,54,16,246,284,Outros_S347.png,300,300
Outros,9,3,224,277,Outros_S348.png,300,300
Outros,4,6,210,270,Outros_S349.png,300,300
Outros,16,0,165,203,Outros_S35.png,225,225
Outros,76,19,212,258,Outros_S350.png,300,300
Outros,19,31,206,248,Outros_S351.png,300,300
Outros,20,10,224,267,Outros_S352.png,300,300
Outros,55,22,206,272,Outros_S353.png,300,300
Outros,34,10,207,267,Outros_S354.png,300,300
Outros,71,14,182,268,Outros_S355.png,300,300
Outros,67,24,178,248,Outros_S356.png,300,300
Outros,61,3,189,254,Outros_S357.png,300,300
Outros,59,19,187,270,Outros_S358.png,300,300
Outros,29,19,217,273,Outros_S359.png,300,300
Outros,4,50,175,249,Outros_S36.png,184,300
Outros,33,11,207,263,Outros_S360.png,300,300
Outros,69,10,209,270,Outros_S361.png,300,300
Outros,39,3,195,275,Outros_S362.png,300,300
Outros,57,3,211,272,Outros_S363.png,300,300
Outros,61,18,189,267,Outros_S364.png,300,300
Outros,58,21,220,261,Outros_S365.png,300,300
Outros,45,3,206,276,Outros_S366.png,300,300
Outros,10,17,220,270,Outros_S367.png,300,300
Outros,56,3,201,277,Outros_S368.png,300,300
Outros,82,2,217,278,Outros_S369.png,300,300
Outros,48,2,165,216,Outros_S37.png,270,270
Outros,39,19,212,255,Outros_S370.png,300,300
Outros,24,3,207,270,Outros_S371.png,300,300
Outros,57,16,221,259,Outros_S372.png,300,300
Outros,52,2,221,273,Outros_S373.png,300,300
Outros,26,19,224,253,Outros_S374.png,300,300
Outros,53,19,202,240,Outros_S375.png,300,300
Outros,35,2,251,277,Outros_S376.png,300,300
Outros,20,3,226,275,Outros_S377.png,300,300
Outros,32,16,232,278,Outros_S378.png,300,300
Outros,54,9,214,269,Outros_S379.png,300,300
Outros,60,3,141,198,Outros_S38.png,270,270
Outros,41,22,230,253,Outros_S380.png,300,300
Outros,23,4,243,274,Outros_S381.png,300,300
Outros,2,16,233,275,Outros_S382.png,300,300
Outros,61,16,236,284,Outros_S383.png,300,300
Outros,1,9,198,271,Outros_S384.png,300,300
Outros,30,16,209,259,Outros_S385.png,300,300
Outros,37,5,208,272,Outros_S386.png,300,300
Outros,19,7,229,265,Outros_S387.png,300,300
Outros,58,17,241,274,Outros_S388.png,300,300
Outros,34,17,263,275,Outros_S389.png,300,300
Outros,60,4,146,189,Outros_S39.png,270,270
Outros,50,17,207,256,Outros_S390.png,300,300
Outros,36,8,229,271,Outros_S391.png,300,300
Outros,51,5,239,265,Outros_S392.png,300,300
Outros,79,4,221,276,Outros_S393.png,300,300
Outros,46,15,217,281,Outros_S394.png,300,300
Outros,34,5,223,274,Outros_S395.png,300,300
Outros,43,11,181,260,Outros_S396.png,300,300
Outros,25,16,236,277,Outros_S397.png,300,300
Outros,53,16,216,263,Outros_S398.png,300,300
Outros,23,25,248,275,Outros_S399.png,300,300
Outros,8,1,283,299,Outros_S4.png,300,300
Outros,28,2,240,268,Outros_S40.png,270,270
Outros,51,2,249,278,Outros_S400.png,300,300
Outros,26,15,253,285,Outros_S401.png,300,300
Outros,44,11,239,262,Outros_S402.png,300,300
Outros,57,17,238,263,Outros_S403.png,300,300
Outros,0,17,273,269,Outros_S404.png,300,300
Outros,3,14,200,286,Outros_S405.png,300,300
Outros,39,15,212,253,Outros_S406.png,300,300
Outros,51,18,225,254,Outros_S407.png,300,300
Outros,38,15,240,261,Outros_S408.png,300,300
Outros,10,16,275,263,Outros_S409.png,300,300
Outros,160,44,140,256,Outros_S41.png,300,300
Outros,53,31,200,236,Outros_S410.png,300,300
Outros,36,17,262,278,Outros_S411.png,300,300
Outros,13,19,248,280,Outros_S412.png,300,300
Outros,8,17,275,279,Outros_S413.png,300,300
Outros,2,2,224,275,Outros_S414.png,300,300
Outros,50,17,250,283,Outros_S415.png,300,300
Outros,78,16,221,284,Outros_S416.png,300,300
Outros,51,15,249,282,Outros_S417.png,300,300
Outros,1,1,268,279,Outros_S418.png,300,300
Outros,2,1,284,278,Outros_S419.png,300,300
Outros,163,15,56,53,Outros_S42.png,300,300
Outros,15,17,261,283,Outros_S420.png,300,300
Outros,30,14,220,267,Outros_S421.png,300,300
Outros,4,2,268,274,Outros_S422.png,300,300
Outros,0,15,298,280,Outros_S423.png,300,300
Outros,48,3,252,275,Outros_S424.png,300,300
Outros,29,15,271,285,Outros_S425.png,300,300
Outros,14,1,281,274,Outros_S426.png,300,300
Outros,63,2,237,278,Outros_S427.png,300,300
Outros,3,15,296,285,Outros_S428.png,300,300
Outros,3,1,246,284,Outros_S429.png,300,300
Outros,33,6,247,291,Outros_S43.png,300,300
Outros,10,20,207,262,Outros_S430.png,300,300
Outros,16,1,230,278,Outros_S431.png,300,300
Outros,30,33,213,249,Outros_S432.png,300,300
Outros,32,1,221,279,Outros_S433.png,300,300
Outros,51,2,211,274,Outros_S434.png,300,300
Outros,49,15,245,272,Outros_S435.png,300,300
Outros,3,19,236,281,Outros_S436.png,300,300
Outros,33,0,233,277,Outros_S437.png,300,300
Outros,65,17,201,265,Outros_S438.png,300,300
Outros,1,1,249,279,Outros_S439.png,300,300
Outros,56,25,244,273,Outros_S44.png,300,300
Outros,57,2,243,280,Outros_S440.png,300,300
Outros,2,3,242,273,Outros_S441.png,300,300
Outros,38,15,224,285,Outros_S442.png,300,300
Outros,43,0,214,272,Outros_S443.png,300,300
Outros,45,15,217,259,Outros_S444.png,300,300
Outros,33,5,231,178,Outros_S445.png,275,183
Outros,49,22,217,278,Outros_S446.png,300,300
Outros,43,13,231,268,Outros_S447.png,300,300
Outros,15,3,207,276,Outros_S448.png,300,300
Outros,18,3,200,272,Outros_S449.png,300,300
Outros,59,122,182,178,Outros_S45.png,300,300
Outros,34,19,210,262,Outros_S450.png,300,300
Outros,56,7,215,271,Outros_S451.png,300,300
Outros,49,19,212,268,Outros_S452.png,300,300
Outros,71,2,224,274,Outros_S453.png,300,300
Outros,65,2,209,277,Outros_S454.png,300,300
Outros,17,15,222,263,Outros_S455.png,300,300
Outros,37,17,224,275,Outros_S456.png,300,300
Outros,2,1,148,299,Outros_S457.png,150,300
Outros,40,4,213,282,Outros_S458.png,300,300
Outros,1,2,213,279,Outros_S459.png,300,300
Outros,77,10,125,188,Outros_S46.png,255,198
Outros,51,3,217,279,Outros_S460.png,300,300
Outros,25,4,205,275,Outros_S461.png,300,300
Outros,14,2,227,279,Outros_S462.png,300,300
Outros,58,19,221,264,Outros_S463.png,300,300
Outros,56,28,208,253,Outros_S464.png,300,300
Outros,63,0,236,280,Outros_S465.png,300,300
Outros,17,3,237,276,Outros_S466.png,300,300
Outros,2,19,220,276,Outros_S467.png,300,300
Outros,39,5,154,219,Outros_S468.png,225,224
Outros,25,19,224,281,Outros_S469.png,300,300
Outros,133,5,103,121,Outros_S47.png,300,300
Outros,23,17,224,278,Outros_S470.png,300,300
Outros,32,2,228,271,Outros_S471.png,300,300
Outros,13,20,229,280,Outros_S472.png,300,300
Outros,3,2,227,273,Outros_S473.png,300,300
Outros,59,10,186,266,Outros_S474.png,300,300
Outros,24,16,259,267,Outros_S475.png,300,300
Outros,35,19,211,272,Outros_S476.png,300,300
Outros,2,17,229,268,Outros_S477.png,300,300
Outros,46,16,254,284,Outros_S478.png,300,300
Outros,38,5,200,163,Outros_S479.png,294,171
Outros,117,4,129,123,Outros_S48.png,300,300
Outros,56,19,244,281,Outros_S480.png,300,300
Outros,15,12,255,265,Outros_S481.png,300,300
Outros,42,2,233,274,Outros_S482.png,300,300
Outros,2,2,257,271,Outros_S483.png,300,300
Outros,39,20,260,278,Outros_S484.png,300,300
Outros,8,8,213,289,Outros_S485.png,300,300
Outros,1,2,228,277,Outros_S486.png,300,300
Outros,43,17,257,281,Outros_S487.png,300,300
Outros,48,5,252,271,Outros_S488.png,300,300
Outros,29,16,231,272,Outros_S489.png,300,300
Outros,139,24,161,276,Outros_S49.png,300,300
Outros,20,1,165,217,Outros_S490.png,225,225
Outros,43,6,251,270,Outros_S491.png,300,300
Outros,15,2,239,275,Outros_S492.png,300,300
Outros,1,19,227,281,Outros_S493.png,300,300
Outros,31,4,208,278,Outros_S494.png,300,300
Outros,21,2,220,275,Outros_S495.png,300,300
Outros,1,2,222,280,Outros_S496.png,300,300
Outros,35,2,218,272,Outros_S497.png,300,300
Outros,7,15,223,285,Outros_S498.png,300,300
Outros,87,2,213,278,Outros_S499.png,300,300
Outros,85,5,110,113,Outros_S5.png,300,300
Outros,38,3,185,196,Outros_S50.png,270,270
Outros,17,5,232,272,Outros_S500.png,300,300
Outros,48,11,169,197,Outros_S51.png,270,270
Outros,65,4,140,179,Outros_S52.png,270,270
Outros,33,8,209,261,Outros_S53.png,270,270
Outros,39,5,244,293,Outros_S54.png,300,300
Outros,5,7,0,0,Outros_S55.png,300,300
Outros,82,2,86,115,Outros_S55.png,300,300
Outros,54,19,233,281,Outros_S56.png,300,300
Outros,56,20,169,205,Outros_S57.png,225,225
Outros,93,27,83,133,Outros_S58.png,300,300
Outros,5,41,171,259,Outros_S59.png,184,300
Outros,14,1,286,299,Outros_S6.png,300,300
Outros,0,11,184,287,Outros_S60.png,184,300
Outros,3,42,181,258,Outros_S61.png,184,300
Outros,89,37,118,263,Outros_S62.png,300,300
Outros,60,121,177,171,Outros_S63.png,300,300
Outros,45,26,184,273,Outros_S64.png,300,300
Outros,191,34,98,105,Outros_S65.png,300,300
Outros,89,73,113,227,Outros_S66.png,300,300
Outros,95,10,62,79,Outros_S67.png,300,300
Outros,22,2,184,221,Outros_S68.png,225,225
Outros,54,17,179,118,Outros_S69.png,300,300
Outros,76,4,185,292,Outros_S7.png,300,300
Outros,166,40,109,259,Outros_S70.png,300,300
Outros,140,22,88,193,Outros_S71.png,300,300
Outros,34,3,213,267,Outros_S72.png,270,270
Outros,46,4,197,264,Outros_S73.png,270,270
Outros,39,2,231,265,Outros_S74.png,270,270
Outros,45,2,190,259,Outros_S75.png,270,270
Outros,0,0,184,300,Outros_S76.png,184,300
Outros,2,17,182,283,Outros_S77.png,184,300
Outros,1,3,157,297,Outros_S78.png,184,300
Outros,86,0,153,170,Outros_S79.png,268,188
Outros,29,2,271,296,Outros_S8.png,300,300
Outros,6,5,178,295,Outros_S80.png,184,300
Outros,5,40,156,260,Outros_S81.png,184,300
Outros,1,1,183,298,Outros_S82.png,184,300
Outros,1,2,183,298,Outros_S83.png,184,300
Outros,1,2,183,298,Outros_S84.png,184,300
Outros,7,11,159,289,Outros_S85.png,184,300
Outros,1,3,182,297,Outros_S86.png,184,300
Outros,4,52,180,247,Outros_S87.png,184,300
Outros,7,31,173,264,Outros_S88.png,184,300
Outros,15,45,168,248,Outros_S89.png,184,300
Outros,62,27,173,268,Outros_S9.png,300,300
Outros,59,10,186,173,Outros_S90.png,275,183
Outros,0,9,157,287,Outros_S91.png,184,300
Outros,122,4,150,187,Outros_S92.png,300,300
Outros,98,51,85,96,Outros_S93.png,300,300
Outros,49,29,143,271,Outros_S94.png,300,300
Outros,40,32,144,268,Outros_S95.png,184,300
Outros,2,2,181,298,Outros_S96.png,184,300
Outros,0,13,184,286,Outros_S97.png,184,300
Outros,1,12,182,288,Outros_S98.png,184,300
Outros,2,3,182,297,Outros_S99.png,184,300